385.05,10.86911864824643,18.884867524512163,0.11555263175967184,38.64900053081006,10.98467128,19.092775210150677,6.929129,12.0,17.91380028,31.679162468949784,
385.1,12.869988266821714,21.050023957104386,-0.2645949868147145,40.05250799188221,12.605393280000001,20.65115008613968,6.908038805970144,12.0,19.513432085970145,33.738153457129656,
385.15,13.073542945448864,21.439624885913943,-0.2953676654417699,40.058614727232694,12.77817528,21.00924672613718,6.886948611940313,12.0,19.66512389194031,34.0988242024479,
385.2,12.975970730171097,21.177627825515756,-0.27178245016404234,40.053934319991235,12.70418828,20.77380440004043,6.865858417910457,12.0,19.570046697910456,33.924769861475035,
385.25,12.647380835908136,20.432022768040387,-0.2071795559012287,40.04111409127732,12.44020128,20.105452261620687,6.844768223880601,12.0,19.284969503880603,33.3554130597469,
385.3,12.692822887689381,20.523817363214185,-0.21495460768245556,40.04265702434921,12.47786828,20.18756886085592,6.823678029850746,12.0,19.301546309850746,33.45476357859703,
385.35,12.721003466604499,20.584127553491154,-0.2201381865975573,40.04368568828147,12.50086528,20.241447927414892,6.802587835820891,12.0,19.30345311582089,33.5270739260724,
385.4,12.611788839045229,20.341722275456945,-0.198946559038337,40.03948028053266,12.41284228,20.026016888448876,6.781497641791059,12.0,19.19433992179106,33.35768880009912,
385.45,12.660905117323294,20.451951269375666,-0.20865083731638057,40.04140606216284,12.452254279999998,20.123709004708054,6.760407447761203,12.0,19.2126617277612,33.46838647699513,
385.5,12.678424434601826,20.490192189649694,-0.2119751545949036,40.04206576182977,12.466449279999999,20.15773895216453,6.739317253731348,12.0,19.205766533731346,33.52266456851128,
385.55,12.63042926535066,20.37698599834923,-0.2018849853437577,40.04006340142413,12.42854428,20.05758575292236,6.718227059701492,12.0,19.146771339701495,33.458326369008496,
385.6,12.615842795331439,20.337605871242303,-0.1982425153245441,40.03934056540784,12.417600279999998,20.02307477393225,6.697136865671637,12.0,19.114737145671636,33.45294175034461,
385.65,12.611890052900756,20.32178091341541,-0.19666877289386117,40.03902826147582,12.41522128,20.009441185163254,6.676046671641806,12.0,19.091267951641807,33.46633307337262,
385.7,12.592073297800148,20.274228049919017,-0.19239401779325982,40.03817995059577,12.39967928,19.96756962531162,6.65495647761195,12.0,19.05463575761195,33.45342976874441,
385.75,12.564632926032887,20.204001223608813,-0.18596864602601357,40.036904857017255,12.378664279999999,19.906045147570264,6.633866283582094,12.0,19.012530563582093,33.424443437557365,
385.8,12.547306497876672,20.16579715076126,-0.18259821786980682,40.036236006800564,12.364708279999999,19.87235660681648,6.612776089552239,12.0,18.977484369552236,33.417859817687024,
385.85,12.538437898275248,20.13633747612737,-0.1797566182683869,40.03567210084528,12.358681279999999,19.846902299599513,6.591685895522383,12.0,18.95036717552238,33.42145282970536,
385.9,12.456554318417266,19.954737635511368,-0.16361203841044433,40.0324682628651,12.292942279999998,19.687514511887027,6.570595701492552,12.0,18.86353798149255,33.30171601772319,
385.95,12.461458512987434,19.95248734135736,-0.16312423298060666,40.0323714595059,12.298334279999999,19.68614918364137,6.549505507462696,12.0,18.847839787462696,33.32791839910297,
386.0,12.396683829746934,19.80760740008524,-0.1501315497401332,40.02979310488803,12.24655228,19.559701866382397,6.52841531343284,12.0,18.77496759343284,33.23807080590324,
386.05,12.293111471293095,19.577576015737748,-0.12934819128634184,40.02566871678033,12.163763280000001,19.360133128594203,6.507325119402985,12.0,18.671088399402986,33.08184539997635,
386.1,12.28611325458978,19.552915221674493,-0.12694897458302865,40.02519260023444,12.159164279999999,19.33917235573913,6.48623492537313,12.0,18.645399205373128,33.08924056929559,
386.15,12.20372324789987,19.364387577343937,-0.10966396789315404,40.021762448356355,12.09405928,19.17707497682142,6.465144731343298,12.0,18.559204011343297,32.968111131750874,
386.2,12.142692647699596,19.230612739588434,-0.09740236769290746,40.019329174727375,12.04529028,19.062508015251492,6.444054537313443,12.0,18.489344817313444,32.88782593241977,
386.25,12.0912137365005,19.12005131810464,-0.08723845649383413,40.01731218047832,12.003975279999999,18.96818123006648,6.422964343283587,12.0,18.426939623283587,32.825230074960025,
386.3,12.005782874959841,18.924244496902375,-0.0689745949532093,40.01368777812264,11.936808280000001,18.802383127096572,6.401874149253731,12.0,18.338682429253733,32.70044844823166,
386.35,11.948078668459113,18.796404598425983,-0.05702538845250795,40.01131649798052,11.891053280000001,18.694665201286796,6.380783955223876,12.0,18.271837235223877,32.62643990029203,
386.4,11.920990364921918,18.72807465212708,-0.050555084915327064,40.010032487842246,11.870435279999999,18.637436763947772,6.359693761194045,12.0,18.230129041194044,32.60052041776095,
386.45,11.807492263452934,18.499560158580714,-0.029123983446393678,40.00577955729544,11.778368279999999,18.446382437959947,6.338603567164189,12.0,18.116971847164187,32.44420428273682,
386.5,11.775512185167742,18.4194863635875,-0.021488905161215523,40.004264401496584,11.754023279999998,18.380024705469847,6.317513373134333,12.0,18.07153665313433,32.41008177636603,
386.55,11.689031583241205,18.241564184077852,-0.004553303234714808,40.00090358782744,11.68447828,18.23308482641052,6.296423179104478,12.0,17.98090145910448,32.29610707236292,
386.6,11.614489624569442,18.594647122850365,0.010513655437016456,39.997195433681235,11.625003280000001,18.614003592091212,6.2753329850746224,12.0,17.900336265074625,32.53106098174519,
386.65,11.52444332564981,18.42697582037951,0.027207954356607163,39.47218527054725,11.551651280000002,18.476544240016317,6.254242791044791,12.0,17.805894071044793,32.42054507958925,
386.7,11.466502553838684,18.30896819224852,0.03891772616770635,39.2781890888137,11.50542028,18.379897752137854,6.233152597014936,12.0,17.738572877014935,32.35332348802398,
386.75,11.328497878569696,19.285423308917764,0.06463440143663145,39.28070220556548,11.39313228,19.398858565463616,6.2120624029850795,12.0,17.60519468298508,32.966793494995336,
386.8,11.270981612183212,19.17529698010061,0.07615666782308808,39.0812194658258,11.34713828,19.308896191553657,6.190972208955224,12.0,17.538110488955223,32.90382045378279,
386.85,11.187294884600586,19.030034878206624,0.09148739540567966,38.853070346307724,11.278782280000001,19.190828644677836,6.169882014925369,12.0,17.448664294925372,32.80808831892663,
386.9,11.173669155101656,18.997783626165802,0.0947251249045999,38.8060766023684,11.268394279999999,19.164297415060016,6.148791820895537,12.0,17.417186100895535,32.80933067560469,
386.95,11.09165729436853,18.850912042470977,0.11004598563768936,38.60364329853434,11.20170328,19.04496367245744,6.127701626865682,12.0,17.329404906865683,32.713820042085395,
387.0,11.280313904259547,19.148553223221565,0.07832337574676033,39.036777849917954,11.35863728,19.285692287703764,6.106611432835827,12.0,17.465248712835827,32.99720846003206,
387.05,10.90819604781242,18.52470049882464,0.14387023219371808,38.196819783311604,11.052066279999998,18.780782239333355,6.0855212388059705,12.0,17.13758751880597,32.49549339158276,
387.1,10.889597211087937,18.481362386953496,0.14803606891819487,38.145586748774164,11.037633280000001,18.745097772882872,6.064431044776115,12.0,17.102064324776116,32.48821364489944,
387.15,10.8853211767547,18.46500149783174,0.14945710325142947,38.12637060556699,11.034778280000001,18.731298762555543,6.043340850746284,12.0,17.078119130746284,32.502717172809525,
387.2,10.78794187208419,18.293278527689488,0.16706140792189322,37.92822019888003,10.95500328,18.59270710075437,6.0222506567164285,12.0,16.97725393671643,32.385994767053724,
387.25,10.736327444350165,18.19179945215099,0.17704383565589743,37.813645847061814,10.91337128,18.510117858010624,6.001160462686572,12.0,16.91453174268657,32.33054302018821,
387.3,10.62696968011623,17.99960455002293,0.196555599889778,37.600520969937875,10.823525279999998,18.35555788182904,5.980070268656717,12.0,16.803595548656716,32.19672946898616,
387.35,10.59154455724916,17.931503362868277,0.2031947227568373,37.52599518373276,10.794739280000002,18.300340185122632,5.9589800746268615,12.0,16.753719354626863,32.16740310147275,
387.4,10.519293472455313,17.79597131577623,0.2164478075506501,37.37892959156633,10.73574128,18.19079159633242,5.93788988059703,12.0,16.67363116059703,32.08298406456011,
387.45,10.425404499413615,17.629420902912894,0.23301978059230208,37.20011583163366,10.658424279999998,18.057285183647537,5.916799686567175,12.0,16.575223966567172,31.970874791191722,
387.5,10.241189078431352,17.320115937062102,0.2645042015744805,36.87229635747179,10.50569328,17.812385579179217,5.8957094925373195,12.0,16.401402772537317,31.7364503883758,
387.55,10.406615304215897,17.58747712130525,0.2367459757900168,37.15536611079557,10.64336128,18.022736138742737,5.874619298507463,12.0,16.517980578507462,31.9895009592381,
387.6,10.4511901573902,17.64214248849463,0.23015212261572945,37.213709387557074,10.681342279999999,18.063853313469007,5.853529104477608,12.0,16.534871384477608,32.06690237024528,
387.65,10.520206443012215,17.742009661347456,0.21926183699374874,37.320784351618165,10.73946828,18.14173877202118,5.8324389104477765,12.0,16.571907190447778,32.181486167080735,
387.7,9.925520010881852,16.751131248359698,0.31920026912383526,36.27891251468046,10.24472028,17.359568849898345,5.811348716417921,12.0,16.05606899641792,31.371197941289303,
387.75,11.37308631054954,19.110548869846937,0.0791269694568198,38.975711588541046,11.452213279999999,19.2478035720835,5.790258522388065,12.0,17.242471802388064,33.4185488340423,
387.8,8.987833243362576,15.193624208185353,0.47499803664267887,34.685537875096145,9.46283128,16.17204392721326,5.76916832835821,12.0,15.231999608358208,30.123039448116288,
387.85,10.66954588260051,17.92878818460894,0.19759639740552473,37.523033173688134,10.86714228,18.285068807422427,5.748078134328354,12.0,16.615220414328356,32.46191898102439,
387.9,10.02011607415906,16.85226747723567,0.30493520584667644,36.38370434389282,10.32505128,17.429099742751756,5.726987940298523,12.0,16.052039220298525,31.57271664592306,
387.95,9.957925320175766,16.738000564750557,0.3154279598299359,36.265324849473224,10.273353279999998,17.33755787502581,5.7058977462686675,12.0,15.979251026268667,31.504571846967483,
388.0,10.154425856982737,17.039465896483826,0.2839444230230609,36.5783701064816,10.438370280000001,17.570962934200292,5.684807552238812,12.0,16.123177832238813,31.792067931252685,
388.05,9.068504889832317,15.251759273789279,0.4599123901729749,34.744558174087345,9.52841728,16.19262694046983,5.663717358208956,12.0,15.192134638208955,30.309443512209373,
388.1,11.82868412997409,18.528354912244293,0.015744150032488614,39.996583228054874,11.844428279999999,18.55689145276321,5.642627164179101,12.0,17.4870554441791,33.37428675428695,
388.15,9.036025740347618,15.168603234903737,0.4643155396576569,34.66014315391915,9.50034128,16.1212242628771,5.621536970149269,12.0,15.121878250149269,30.29545010296707,
388.2,8.53542663255874,14.336411699669657,0.5432826474463042,33.8176077024685,9.078709280000002,15.502193686227006,5.600446776119414,12.0,14.679156056119416,29.62792965278368,
388.25,10.098914875906495,16.855025433025524,0.2954464040992762,36.38656548305446,10.394361279999998,17.41018443884169,5.579356582089558,12.0,15.973717862089556,31.788407832026493,
388.3,8.9170553360105,14.922387384096703,0.4813849439947171,34.410467170773735,9.398440279999999,15.920560263551218,5.558266388059703,12.0,14.956706668059702,30.17299520098084,
388.35,9.758724940463605,16.271569470976974,0.3493643395420078,35.78486959711194,10.108089280000002,16.946004670548966,5.537176194029847,12.0,15.645265474029848,31.347507352410457,
388.4,9.185362676665932,15.332410614621404,0.43868160333941303,34.82647798507119,9.62404428,16.220985986977308,5.516086000000016,12.0,15.140130280000015,30.574745252715807,
388.45,9.240331221778053,15.405611779246795,0.4297860582273168,34.90087294709634,9.67011728,16.27207401634569,5.49499580597016,12.0,15.165113085970159,30.66549805215613,
388.5,9.099421308360634,15.16168708110462,0.4511119716446697,34.653124446342815,9.55053328,16.082349884136736,5.473905611940305,12.0,15.024438891940305,30.4866771016686,
388.55,8.831517364919454,14.719411403239416,0.4919029150857236,34.20490940449882,9.32342028,15.747464733546993,5.452815417910449,12.0,14.77623569791045,30.13890230062038,
388.6,8.623630468506258,14.371255175591637,0.5230318114988228,33.852814717807256,9.146662280000001,15.485265408642634,5.431725223880593,12.0,14.578387503880595,29.872011056069564,
388.65,8.514695724919832,14.182700778761985,0.5387895550851947,33.66235357467796,9.05348528,15.341970732655344,5.410635029850762,12.0,14.464120309850763,29.740008333554396,
388.7,8.599083841914107,14.305459419459977,0.5251364380909591,33.78633682396862,9.12422028,15.426664109520862,5.389544835820907,12.0,14.513765115820906,29.87070020019187,
388.75,8.383100228285294,13.947488137152947,0.5569870517196711,33.424957645284344,8.94008728,15.16097722025817,5.368454641791051,12.0,14.30854192179105,29.595195626172227,
388.8,8.24251916153942,13.713103264297983,0.5774291184654773,33.18859119683599,8.819948279999998,14.988134984615984,5.347364447761196,12.0,14.167312727761194,29.424186771444337,
388.85,8.275724477482298,13.755526175828829,0.5715028025226117,33.2313593423585,8.847227279999998,15.013603185028074,5.32627425373134,12.0,14.173501533731338,29.486343351347404,
388.9,8.122896796531021,13.501272637687007,0.5934874834738197,32.97511977625044,8.71638428,14.827222040621479,5.305184059701508,12.0,14.021568339701508,29.298547129293958,
388.95,8.044136939678179,13.36816959744388,0.6045253403266256,32.84105271522661,8.64866228,14.729287758010054,5.284093865671653,12.0,13.932756145671654,29.212764120505337,
389.0,7.969690348278449,13.238123333867838,0.6144219317263181,32.71011125964188,8.58411228,14.63186284305084,5.263003671641798,12.0,13.847115951641797,29.12956069543024,
389.05,7.869329346437534,13.068089633258545,0.6281879335671846,32.53897277223435,8.49751728,14.507495219709385,5.241913477611941,12.0,13.739430757611942,29.012743837985997,
389.1,7.8380190243309205,13.01376425769985,0.632299255673784,32.48430939207368,8.47031828,14.467217456157528,5.220823283582086,12.0,13.691141563582086,28.993183003708218,
389.15,7.76420210417219,12.891138794733534,0.6425971758324783,32.360946473307266,8.406799280000001,14.379367906853604,5.199733089552255,12.0,13.606532369552255,28.91634901198315,
389.2,7.730214349715923,12.83101160720036,0.6468479302887298,32.30047022813028,8.37706228,14.334376222603886,5.178642895522399,12.0,13.5557051755224,28.89191148942789,
389.25,7.652407943238502,12.700957239242191,0.6574873367661129,32.16968803179826,8.30989528,14.241342951420142,5.157552701492544,12.0,13.467447981492544,28.808879271258895,
389.3,7.633011895702698,12.669861599877976,0.6603103843019095,32.138423734708375,8.293322280000002,14.219939278162572,5.136462507462689,12.0,13.42978478746269,28.809184394866456,
389.35,7.565144233962495,12.557888716038045,0.6697340460420783,32.02586014261552,8.23487828,14.141198490441422,5.115372313432832,12.0,13.350250593432833,28.741593304027546,
389.4,7.539386804374483,12.512576292859714,0.6728914756300761,31.98031591141902,8.21227828,14.107709286709891,5.094282119403001,12.0,13.306560399403,28.72979684560629,
389.45,7.498516163601455,12.445308551349198,0.6785531164030887,31.912711542393097,8.177069280000001,14.060761046065046,5.073191925373146,12.0,13.250261205373146,28.699875905349575,
389.5,7.449524708071821,12.360761585561987,0.6847225719326959,31.827753919565982,8.13424728,13.99944905102663,5.05210173134329,12.0,13.18634901134329,28.655117714227654,
389.55,7.367224647933629,12.223022844122292,0.6956536320708478,31.68937494128009,8.06287828,13.902551924096233,5.031011537313434,12.0,13.093889817313434,28.56589482665076,
389.6,7.335304015806394,12.168815250577646,0.6997402641980696,31.63492488533912,8.035044280000001,13.864041838517373,5.009921343283579,12.0,13.04496562328358,28.54690184288325,
389.65,7.289968593895383,12.090370863370802,0.7052676861090583,31.556138879192392,7.99523628,13.807465478971903,4.988831149253747,12.0,12.984067429253749,28.507309573071304,
389.7,7.1949264677746445,11.932410432908693,0.717837812229751,31.397522822156365,7.912764280000001,13.69826534755756,4.967740955223892,12.0,12.880505235223893,28.401303871403854,
389.75,7.1578440019656995,11.86689561314526,0.7220112780386769,31.33174837913037,7.879855280000001,13.650411010701621,4.946650761194037,12.0,12.826506041194037,28.372454138515963,
389.8,7.080709710695068,11.736976864920798,0.7317415693092727,31.201335446833813,7.812451280000001,13.560076911737285,4.925560567164181,12.0,12.738011847164183,28.289771854168535,
389.85,7.026096779824272,11.641554877677251,0.7379025001800403,31.10556755453055,7.76399928,13.491444747550869,4.904470373134325,12.0,12.668469653134325,28.235548852994825,
389.9,6.959366861364226,11.526996453754267,0.7457134186400516,30.990612407676387,7.705080280000001,13.410724989297606,4.883380179104494,12.0,12.588460459104494,28.165341024554195,
389.95,6.895947517653776,11.414848455886515,0.7523537623504677,30.878095145930626,7.648301279999998,13.329423514938304,4.862289985074638,12.0,12.510591265074638,28.096390594514663,
390.0,6.8387080888242515,11.313204666390064,0.7581281911799689,30.77613261115378,7.5968362800000016,13.25551246584439,4.841199791044783,12.0,12.438036071044785,28.036199646892047,
390.05,6.755744051196971,11.172852523701385,0.7678202288072061,30.63536461233445,7.523564279999999,13.159106635302988,4.820109597014927,12.0,12.343673877014925,27.94417693135547,
390.1,6.695771254829829,11.070747512303429,0.7745830251743189,30.532974353276238,7.470354279999999,13.088738892372378,4.799019402985072,12.0,12.269373682985071,27.884439359338202,
390.15,6.622153817417879,10.942151996690864,0.7819854625862317,30.40403981241297,7.404139279999999,12.997612161720381,4.77792920895524,12.0,12.182068488955238,27.80108842495171,
390.2,6.529189070190351,10.782312702473167,0.7916862098137136,30.243809841747023,7.320875279999999,12.88689696572039,4.756839014925385,12.0,12.077714294925384,27.69127563746698,
390.25,6.428892924623211,10.614925295419383,0.8031663553808077,30.076048919298344,7.232059280000001,12.776207321387167,4.735748820895529,12.0,11.967808100895532,27.576374369496524,
390.3,6.341612712478344,10.46567514924597,0.8120195675256278,29.926495754612322,7.15363228,12.674702187976376,4.714658626865674,12.0,11.868290906865674,27.475469871154313,
390.35,6.246018024974355,10.305762137653305,0.8224472550295713,29.76628885956232,7.068465280000002,12.570080649500731,4.693568432835818,12.0,11.76203371283582,27.3664945782764,
390.4,6.164509273009365,10.16855805874447,0.8309210069945205,29.628857605251866,6.995430280000001,12.480063005312239,4.6724782388059865,12.0,11.667908518805987,27.27643141839694,
390.45,6.07484672886965,10.018599967322267,0.8403325511341911,29.47867724480798,6.91517928,12.383388459667614,4.651388044776131,12.0,11.56656732477613,27.175693617975117,
390.5,5.973149692086856,9.848493393441808,0.8507565879169322,29.308351076232334,6.823906279999999,12.274611432617277,4.630297850746276,12.0,11.454204130746275,27.05749135521647,
390.55,5.890246146624739,9.70641440352173,0.857929133379011,29.166114958487277,6.748175280000002,12.18042305626191,4.6092076567164195,12.0,11.357382936716421,26.961361200464683,
390.6,5.793538681850649,9.545823238208936,0.8677245981530509,29.005374835818778,6.66126328,12.080707520738779,4.588117462686565,12.0,11.249380742686565,26.851412701355304,
390.65,5.720017900184578,9.423110743443038,0.8747923798190848,28.882568955747402,6.594810280000001,12.00438071737204,4.567027268656734,12.0,11.161837548656734,26.77347670409373,
390.7,5.658774911853131,9.317088393033462,0.8791783681504993,28.77648017750969,6.53795328,11.933851710477596,4.5459370746268775,12.0,11.083890354626877,26.707503625340426,
390.75,5.5889851522127865,9.2019564406741,0.8860831277908081,28.661291084875778,6.475068279999999,11.864876329798834,4.524846880597022,12.0,10.99991516059702,26.636637615709105,
390.8,5.518899969964967,9.085906056367389,0.8927293100385916,28.545198958969998,6.41162928,11.795339239124589,4.503756686567167,12.0,10.915385966567166,26.564626808437268,
390.85,5.43143228932624,8.94302244755128,0.9016109906772751,28.40228594663899,6.333043279999998,11.713362877192694,4.4826664925373105,12.0,10.815709772537309,26.470691243307098,
390.9,5.38107833211498,8.859490951274644,0.9061299478885139,28.318748580026142,6.2872082800000015,11.664013295026228,4.461576298507479,12.0,10.74878457850748,26.426541668402376,
390.95,5.324452902905057,8.76634829147916,0.9114493770984066,28.225609302374284,6.235902280000001,11.610544773526312,4.440486104477624,12.0,10.676388384477626,26.374613093731487,
391.0,5.256562989677441,8.655994591298537,0.9182782903259871,28.115273273491283,6.174841279999999,11.549839525763144,4.4193959104477685,12.0,10.594237190447767,26.308851104234233,
391.05,5.208584929519472,8.576173016642503,0.9222453504839347,28.035473806212522,6.130830280000001,11.50338660064655,4.398305716417913,12.0,10.529135996417914,26.267657344809507,
391.1,5.1645768603593645,8.502951941675672,0.9258114196440175,27.962279962982254,6.090388279999999,11.461001128765343,4.377215522388058,12.0,10.467603802388057,26.232196537445553,
391.15,5.12375288452969,8.433074819740073,0.9281743954736718,27.89243509022906,6.051927280000001,11.417525742513796,4.356125328358226,12.0,10.408052608358227,26.19795764988272,
391.2,5.068192337552581,8.34002069514674,0.9321909424507537,27.799433505481968,6.000383280000001,11.363142306004,4.33503513432837,12.0,10.335418414328371,26.144390278243694,
391.25,5.032964349816466,8.282537231622788,0.9353819301868468,27.741988032086905,5.968346279999999,11.332296376982564,4.313944940298515,12.0,10.282291220298514,26.12365857511719,
391.3,4.959230575459115,8.162048781266817,0.9418697045441641,27.62159311813784,5.901100280000001,11.267970457812636,4.2928547462686595,12.0,10.193955026268661,26.048298907990073,
391.35,4.90388400783623,8.072702335141738,0.9471782721670206,27.53232837359532,5.851062280000001,11.222854236807803,4.271764552238803,12.0,10.122826832238804,26.00097335336704,
391.4,4.843315950101449,7.974690916054904,0.9527923299017689,27.43441889116434,5.796108279999999,11.17357517786667,4.250674358208972,12.0,10.04678263820897,25.946022750882683,
391.45,4.798874672893655,7.901725501525396,0.9563156071095419,27.361537868244703,5.755190280000001,11.135280149123703,4.2295841641791165,12.0,9.984774444179116,25.911493994768296,
391.5,4.769981091965654,7.852142411301693,0.9574541880375277,27.312016329455926,5.727435280000002,11.10524556668273,4.208493970149261,12.0,9.935929250149263,25.895150661384612,
391.55,4.715629031449575,7.76204531691798,0.9611342485535775,27.222039917836668,5.676763279999999,11.056821999520865,4.187403776119406,12.0,9.864167056119406,25.844542877612337,
391.6,4.718369226523811,7.763115811820671,0.9591070534793419,27.22310891123091,5.6774762800000005,11.050530099757301,4.1663135820895505,12.0,9.843789862089551,25.871315425846902,
391.65,4.665495166280948,7.678621119770113,0.96424311372218,27.138737800212933,5.6297382800000015,11.011686098651634,4.145223388059719,12.0,9.77496166805972,25.829159948384273,
391.7,4.62389682344191,7.6102870990926865,0.9672224565611949,27.070511319456344,5.591119280000001,10.976762563669316,4.124133194029863,12.0,9.715252474029864,25.798605831404323,
391.75,4.6045729899603645,7.576621638799497,0.9675152900427287,27.036901374660097,5.572088279999999,10.955627362833601,4.1030430000000075,12.0,9.675131280000006,25.796491913698596,
391.8,4.5563285515735314,7.497732496098151,0.971034728429537,26.958148976419025,5.527363279999999,10.916494620972198,4.081952805970152,12.0,9.609316085970152,25.756978433385864,
391.85,4.51788833927812,7.431590499200923,0.9718869407249277,26.89212892716173,5.48977528,10.876803134134173,4.060862611940296,12.0,9.550637891940296,25.724557992279465,
391.9,4.441304184823784,7.307924509933309,0.9780530951792251,26.7687092351014,5.41935728,10.820090206278884,4.039772417910465,12.0,9.459129697910464,25.647088410064857,
391.95,4.402550460847582,7.242608579300209,0.9794568191554066,26.703533237798847,5.38200728,10.784249155421003,4.01868222388061,12.0,9.40068950388061,25.616767371262323,
392.0,4.35691755514566,7.167015696870602,0.9817927248573043,26.62811102250647,5.338710280000001,10.745925359758917,3.997592029850754,12.0,9.336302309850755,25.57846089586233,
392.05,4.303751612640652,7.080066582529433,0.9850796673622852,26.541370045406147,5.28883128,10.704862558557702,3.9765018358208986,12.0,9.265333115820898,25.531193862174817,
392.1,4.231416246912894,6.962908040367716,0.9900890330900051,26.424512561613167,5.221505279999999,10.653169788567899,3.9554116417910428,12.0,9.176916921791042,25.458240059520936,
392.15,4.16707047075968,6.855853909533064,0.9925028092431857,26.317754912671152,5.15957328,10.599572696063527,3.9343214477612114,12.0,9.093894727761212,25.389612300031917,
392.2,4.095196776541356,6.7390945053708124,0.9968135034614715,26.201343062983252,5.09201028,10.549030287735505,3.913231253731356,12.0,9.005241533731356,25.31578990524806,
392.25,4.041535854548466,6.6491852820042645,0.9979784254543296,26.111719315290173,5.039514279999999,10.503364075973115,3.8921410597015003,12.0,8.9316553397015,25.261319921561594,
392.3,3.9489252212699477,6.502447095114331,1.0055800587328025,25.965481863164385,4.954505279999999,10.452718320814485,3.871050865671645,12.0,8.825556145671644,25.165925731243,
392.35,3.8883820735910604,6.402585465820845,1.0075212064116568,25.865986773421866,4.895903279999999,10.40793206782674,3.849960671641789,12.0,8.745863951641788,25.10367643752069,
392.4,3.8302967594650994,6.308535360408965,1.010493520537589,25.77230183192714,4.84079028,10.371510363886076,3.8288704776119578,12.0,8.669660757611958,25.049712481435346,
392.45,3.782396780146862,6.229715452297631,1.0118444998558016,25.693803426140985,4.794241280000001,10.337691920480706,3.8077802835821024,12.0,8.602021563582104,25.007003662810938,
392.5,3.7103252286136046,6.1136958897100335,1.015639051389019,25.57828383172529,4.7259642799999995,10.296756628606591,3.7866900895522466,12.0,8.512654369552246,24.933643830348426,
392.55,3.6505429537188823,6.0174116862086136,1.0185643262837094,25.48243976079654,4.669107279999999,10.263701612293827,3.7655998955223913,12.0,8.43470717552239,24.87782922363058,
392.6,3.5721199479257497,5.892692895762676,1.0234763320768012,25.35832682922365,4.595596279999999,10.227846465814155,3.7445097014925355,12.0,8.340105981492535,24.7990945256074,
392.65,3.531743687691999,5.82722513004263,1.0248375923105315,25.29319396605306,4.55658128,10.205388364272853,3.723419507462704,12.0,8.280000787462704,24.770196637647572,
392.7,3.452211923111809,5.701196661150098,1.0298283568906805,25.16784458408819,4.48204028,10.174004755734554,3.7023293134328488,12.0,8.184369593432848,24.690876380687495,
392.75,3.391366872898943,5.604350874157113,1.0331024071035146,25.071552870565363,4.42446928,10.149893394467828,3.681239119402993,12.0,8.105708399402992,24.63627891753937,
392.8,3.3328459697192683,5.51206477215131,1.036906310283159,24.97982223081942,4.36975228,10.131603652726888,3.6601489253731376,12.0,8.029901205373138,24.5878731526514,
392.85,3.294812826085666,5.450102575351804,1.0374314539167409,24.918248686582384,4.332244280000001,10.112089716396923,3.6390587313432823,12.0,7.9713030113432835,24.56096002500782,
392.9,3.2452697289168366,5.370061011384024,1.0386015510855415,24.8387286409925,4.28387128,10.090134766183914,3.6179685373134505,12.0,7.90183981731345,24.517991690929396,
392.95,3.2088677387731828,5.311294060312037,1.039398541229176,24.780359072847848,4.248266279999999,10.074676682626022,3.596878343283595,12.0,7.845144623283595,24.495291747938854,
393.0,3.1754795080810667,5.257775119150332,1.0404327719212758,24.7272130760679,4.215912280000001,10.062581281116726,3.5757881492537393,12.0,7.791700429253741,24.478639356630204,
393.05,3.1687407249142403,5.245508525699901,1.0391615550880955,24.715033479956997,4.207902279999999,10.053600653799664,3.554697955223884,12.0,7.762600235223883,24.496753125730848,
393.1,3.1272713192067285,5.180236944121087,1.0415369607955873,24.650234576477516,4.16880828,10.044630026906493,3.5336077611940286,12.0,7.702416041194029,24.472533806523888,
393.15,3.103690512911633,5.142176512305343,1.04188276709067,24.612457518159196,4.145573280000001,10.03552874136078,3.512517567164197,12.0,7.658090847164198,24.46987981034717,
393.2,3.079852072797689,5.101934677110871,1.040345207204598,24.57252168048587,4.120197279999999,10.018236129164174,3.4914273731343415,12.0,7.61162465313434,24.459846381248784,
393.25,3.043856257830236,5.044691802116758,1.0416080221720327,24.515725683078795,4.08546428,10.008921985126031,3.4703371791044857,12.0,7.555801459104486,24.441053328402333,
393.3,3.0184026648075104,5.0037907044347865,1.042003615194743,24.475152465379153,4.060406279999999,10.000637805079466,3.4492469850746303,12.0,7.509653265074629,24.436251167825645,
393.35,3.005863097045359,4.98201745071914,1.0404271829568892,24.453556741005816,4.046290280000001,9.988756307728702,3.428156791044775,12.0,7.474447071044776,24.444958177254062,
393.4,2.980635418197201,4.942155427122193,1.0414688618050334,24.414025222145412,4.022104280000001,9.98412964282487,3.407066597014943,12.0,7.429170877014943,24.44345671123198,
393.45,2.973400680319237,4.929027104695483,1.0399015996829928,24.40100732696758,4.013302280000001,9.974483930370997,3.385976402985088,12.0,7.39927868298509,24.461153673209623,
393.5,2.9244938121081634,4.8506969510466345,1.0405944678940384,24.32335272400555,3.96508828,9.96108452419159,3.3648862089552325,12.0,7.329974488955232,24.420606276344373,
393.55,2.8747419155526055,4.7715494617942324,1.041736364449569,24.244917911951585,3.9164782799999998,9.951232483767381,3.3437960149253767,12.0,7.2602742949253765,24.380799935442287,
393.6,2.83375607856782,4.707668061261013,1.0441032014343323,24.18163482372146,3.877859279999999,9.95098133623355,3.3227058208955214,12.0,7.2005651008955205,24.360234886113485,
393.65,2.800690812545443,4.654418174639944,1.0439414674566918,24.128900117116384,3.844632279999999,9.94236713213463,3.3016156268656895,12.0,7.146247906865689,24.342835905688872,
393.7,2.781422626593789,4.623039595952349,1.0433856534083341,24.097832348085184,3.824808279999999,9.935650810197245,3.280525432835834,12.0,7.105333712835833,24.34628388636501,
393.75,2.763200363575891,4.592569420935448,1.0418619164262237,24.06766924650973,3.8050622800000014,9.925035313413183,3.259435238805979,12.0,7.064497518805981,24.347826141423862,
393.8,2.7374105184736974,4.552011054933481,1.0427517615284012,24.027527849323565,3.780162279999999,9.924301432905018,3.238345044776123,12.0,7.018507324776122,24.347009921341314,
393.85,2.67421703152735,4.452325464588315,1.0444092484747132,23.928908598174246,3.7186262799999987,9.92249698002021,3.2172548507462677,12.0,6.935881130746266,24.28974344661993,
393.9,2.6418822200299883,4.400399179306721,1.0439930599720595,23.8775621884359,3.685875280000001,9.917141191658283,3.196164656716436,12.0,6.882039936716437,24.27393694069513,
393.95,2.602195876849668,4.337857650213811,1.044902403152359,23.81574241330047,3.6470982800000016,9.918318343821074,3.1750744626865806,12.0,6.822172742686583,24.25201450693936,
394.0,2.566228392374347,4.2799330027964215,1.0439958876276583,23.7585099307922,3.6102242800000006,9.912700563058712,3.153984268656725,12.0,6.764208548656725,24.22907119112276,
394.05,2.5204614941922006,4.207578066532083,1.0444827858097778,23.687053116495086,3.564944279999999,9.91481351490384,3.1328940746268694,12.0,6.697838354626868,24.19647728745075,
394.1,2.544362829702338,4.239314971690943,1.0361244502996503,23.7183913851832,3.58048728,9.876186649465298,3.111803880597014,12.0,6.692291160597014,24.23914102775071,
394.15,2.5039690114752444,4.1752052590236115,1.0359962685267223,23.65509468852455,3.5399652800000005,9.876134834317327,3.0907136865671823,12.0,6.630678966567183,24.213036321377963,
394.2,2.437336312458668,4.071778620561785,1.0387929675432603,23.55304666956454,3.4761292799999985,9.893485069902484,3.069623492537327,12.0,6.545752772537325,24.157610673383715,
394.25,2.354798651478512,3.942947061552325,1.0410006285233717,23.42605713924173,3.3957992799999985,9.91559979044196,3.0485332985074716,12.0,6.4443325785074705,24.075226770368445,
394.3,2.3031730651554607,3.861925244548329,1.041557214846397,23.34627068943474,3.3447302800000003,9.929398217188053,3.0274431044776158,12.0,6.372173384477616,24.03555645645604,
394.35,2.281955400368149,3.8271406252047058,1.0394608796336968,23.312035888123578,3.321416280000001,9.925077367284157,3.0063529104477604,12.0,6.3277691904477615,24.03326526240903,
394.4,2.219314595040446,3.7294839596004494,1.0408036849613649,23.215989005725923,3.2601182800000004,9.950615991354326,2.985262716417929,12.0,6.245380996417929,23.980329586551875,
394.45,2.173660552262958,3.6573204343737844,1.0400677277388282,23.145081436104995,3.2137282800000015,9.964198159511351,2.9641725223880733,12.0,6.177900802388075,23.94591745859983,
394.5,2.1607331394872795,3.633982201700767,1.035073140514495,23.122162142052396,3.1958062799999993,9.945907846255212,2.943082328358218,12.0,6.138888608358217,23.94526909895751,
394.55,2.1387517784859527,3.5976780197676046,1.0319955015158089,23.08652251458296,3.1707472800000005,9.940788356955817,2.921992134328362,12.0,6.092739414328363,23.93870890207633,
394.6,2.122829909393845,3.5709404086363397,1.0289653706079072,23.06028461233265,3.1517952800000018,9.933618977483707,2.900901940298507,12.0,6.0526972202985085,23.94212586814094,
394.65,2.1027015508792077,3.5379066008422444,1.026334729122531,23.027880562539792,3.129036280000001,9.930685513131788,2.8798117462686754,12.0,6.0088480262686765,23.94088227596848,
394.7,2.110777806245134,3.5475616565994827,1.0213514737566067,23.037350117838834,3.132129280000001,9.902958381501035,2.85872155223882,12.0,5.990850832238821,23.974096593974615,
394.75,2.1100761378662063,3.543910066465218,1.017057142135529,23.03376854431173,3.127133279999999,9.882718805724801,2.837631358208964,12.0,5.964764638208963,23.99666975221177,
394.8,2.0955687501532676,3.519783597980456,1.0145145298484606,23.010109004766147,3.1100832800000013,9.877561360332757,2.8165411641791085,12.0,5.92662444417911,24.00533655271961,
394.85,2.0908569099879886,3.5107780314737083,1.0116933700137334,23.001279671633615,3.102550279999999,9.866327340276733,2.795450970149253,12.0,5.898001250149252,24.02846986347314,
394.9,2.1142950889708176,3.5434714506009457,1.0053041910309144,23.033338350076555,3.119599279999999,9.824164295441788,2.774360776119422,12.0,5.893960056119421,24.080544459872264,
394.95,2.102559453210613,3.523564517258224,1.0025288267911123,23.013816250874065,3.1050882800000004,9.816312884578227,2.7532705820895664,12.0,5.858358862089567,24.09326150864155,
395.0,2.0759473219264923,3.481577846410974,1.0014649580752175,22.972658326385503,3.0774122800000008,9.824450467854968,2.73218038805971,12.0,5.809592668059711,24.090390526034504,
395.05,2.109441611855991,3.5291647201038296,0.9939806681457328,23.01930767355165,3.10342228,9.771571833038893,2.711090194029855,12.0,5.814512474029855,24.154037624463868,
395.1,2.0876464788177445,3.494213583602316,0.9920658011839647,22.985042182405888,3.079712279999999,9.772782076890483,2.6899999999999995,12.0,5.7697122799999985,24.155479027103848,
395.15,2.0784311130963937,3.4792348274194755,0.9908931669053109,22.970362250365877,3.06932428,9.77170288122433,2.668909805970168,12.0,5.738234085970168,24.1803571452716,
395.2,2.057212322086706,3.445085557787679,0.9887179579149857,22.936905717780864,3.0459302800000003,9.77218790519397,2.647819611940313,12.0,5.693749891940313,24.182216992085472,
395.25,2.0785184088697015,3.474240762316902,0.9821618711319979,22.96546849171837,3.0606802799999997,9.72890931507348,2.6267294179104566,12.0,5.687409697910456,24.231565549447247,
395.3,2.084856212673044,3.4793709747606374,0.9742380673286553,22.970495667921472,3.05909428,9.686762415836554,2.605639223880601,12.0,5.664733503880601,24.251405135027404,
395.35,2.0846459335715006,3.4751882032813093,0.967708346430194,22.966396877090588,3.0523542799999994,9.654616796887213,2.584549029850746,12.0,5.636903309850745,24.267358998494075,
395.4,2.0504806580670234,3.420324608222595,0.9639686219346519,22.91265725245321,3.014449280000001,9.653634673184238,2.5634588358209145,12.0,5.577908115820915,24.24262417236199,
395.45,2.0757127756285727,3.452565026718429,0.9526925043731109,22.944232081114198,3.028405280000001,9.584361594068504,2.542368641791059,12.0,5.57077392179106,24.277396436672618,
395.5,2.1147304256141974,3.5042087165416707,0.9388128543874975,22.99483958912271,3.0535432799999995,9.496609388619495,2.521278447761204,12.0,5.574821727761203,24.322254195021763,
395.55,2.1534126900433725,3.555405400827632,0.9255855899583375,23.045044039175885,3.0789982800000004,9.414235785474796,2.5001882537313476,12.0,5.579186533731348,24.369794953752038,
395.6,2.129259115596116,3.513775123849767,0.9179401644055769,23.004217994304746,3.047199280000001,9.385087988177107,2.479098059701492,12.0,5.526297339701493,24.34313316988377,
395.65,2.1218935748508216,3.4965815217358838,0.9081777051508627,22.987363156813274,3.0300712800000014,9.33838909034573,2.458007865671661,12.0,5.488079145671662,24.333442982050517,
395.7,2.1317869493761825,3.5039395900997206,0.8955873306254986,22.9945757691704,3.02737428,9.269849323532808,2.4369176716418055,12.0,5.464291951641806,24.338134502729453,
395.75,2.1279720532364284,3.4919205863853517,0.8854462267652451,22.98279473421816,3.01341828,9.219011672640141,2.41582747761195,12.0,5.42924575761195,24.332316297156783,
395.8,2.13823129195127,3.4993757494498716,0.8723319880504011,22.990102062568976,3.0105632799999995,9.146951452711626,2.394737283582094,12.0,5.405300563582093,24.33507702729686,
395.85,2.1199576826614783,3.466068950392832,0.8630885973401785,22.957461546612695,2.98304628,9.105538511712814,2.3736470895522386,12.0,5.3566933695522385,24.31017717003908,
395.9,2.1285780641054854,3.471500872203984,0.8508202158961711,22.962783777162315,2.9793982800000016,9.037583675098258,2.352556895522407,12.0,5.331955175522409,24.31419558783347,
395.95,2.1051567521379706,3.429627318380119,0.8399845278636662,22.921766401471466,2.9451412800000014,8.98898549109036,2.331466701492552,12.0,5.276607981492553,24.273162816391938,
396.0,2.097929595742579,3.411474344185919,0.8280216842590457,22.90399228734445,2.9259512799999996,8.927706841992526,2.3103765074626965,12.0,5.236327787462696,24.25274744171081,
396.05,2.057580444643898,3.345043601990007,0.8179358353576986,22.83898922405983,2.8755162799999994,8.890064093682852,2.2892863134328403,12.0,5.16480259343284,24.18734589230278,
396.1,2.068150607624704,3.3531013715822757,0.8051456723768932,22.846870286704835,2.8732962800000017,8.815581447015848,2.268196119402985,12.0,5.141492399402987,24.19152420122729,
396.15,2.0423305033349903,3.308294063573494,0.7944877766665847,22.803058388324942,2.8368182799999992,8.768055823499205,2.2471059253731536,12.0,5.083924205373153,24.146526223757984,
396.2,2.0122155202397702,3.2567420745742948,0.7828917597617816,22.7526913184597,2.79510728,8.717433376470709,2.226015731343298,12.0,5.021123011343298,24.089438158825057,
396.25,1.988314625928201,3.215909827435119,0.7735666540733339,22.71282908411405,2.7618812800000008,8.676740712287161,2.204925537313443,12.0,4.966806817313444,24.05373725750478,
396.3,2.0203328729746173,3.2540327827700253,0.7581214070269242,22.750045511435054,2.7784542799999983,8.573661292641404,2.1838353432835866,12.0,4.962289623283585,24.079389980092717,
396.35,1.9658911498066989,3.169278637182562,0.7502341301948093,22.667341287263188,2.71612528,8.55493303997175,2.1627451492537313,12.0,4.878870429253731,23.999887963314833,
396.4,1.947089627012755,3.134572076196708,0.7379506529887356,22.633511398723098,2.685040279999999,8.493618312046138,2.1416549552239,12.0,4.826695235223899,23.956675969435302,
396.45,1.9321490800874412,3.1074216932167174,0.7287841999140346,22.60706265729088,2.6609332799999983,8.448040469876101,2.1205647611940446,12.0,4.781498041194043,23.935967386243675,
396.5,1.9078755142727657,3.0667034114052822,0.719592765728692,22.567423625612175,2.6274682799999987,8.40742523836289,2.0994745671641892,12.0,4.726942847164188,23.899304177966545,
396.55,1.935689257976036,3.0998159628454935,0.7066080220254327,22.599656031558155,2.642297280000001,8.31449923298748,2.078384373134333,12.0,4.720681653134334,23.930320128766002,
396.6,1.8570303213003516,2.982303379797304,0.7012099587010686,22.485369283707243,2.5582402799999997,8.328065521036562,2.0572941791044776,12.0,4.615534459104477,23.821451403697523,
396.65,1.8752199262315188,3.0017966208986695,0.6888093537699048,22.504307258458823,2.5640292799999997,8.24101594414331,2.0362039850746463,12.0,4.600233265074646,23.83909242846766,
396.7,1.847578989644297,2.9581263875531594,0.6823512903571062,22.46189267621112,2.5299302799999985,8.218516446160548,2.015113791044791,12.0,4.5450440710447895,23.81096737781017,
396.75,1.8279486064090742,2.924266168170758,0.6724826735923152,22.429035743489067,2.500431280000001,8.17000905129643,1.9940235970149356,12.0,4.494454877014936,23.777658087180935,
396.8,1.8540627664504643,2.9555953209630883,0.6610385135509321,22.45943569377698,2.5151012799999997,8.081746602064737,1.9729334029850794,12.0,4.488034682985079,23.814242003188404,
396.85,1.7762854259193683,2.8412628675134943,0.6569788540819829,22.348608139171322,2.4332642799999995,8.108226036326473,1.951843208955224,12.0,4.3851074889552235,23.712801238675322,
396.9,1.809979908439286,2.883631326731702,0.6457263715620789,22.38964065152866,2.455706280000001,8.012723811257258,1.9307530149253926,12.0,4.386459294925394,23.763719746107355,
396.95,1.7947059097185816,2.8580646974924946,0.6391143702827691,22.36487476137821,2.433820279999999,7.98049823650425,1.9096628208955373,12.0,4.343483100895536,23.75617837260151,
397.0,1.8210830281671404,2.8906730444864452,0.6297072518342204,22.39646466923651,2.4507902799999997,7.9025006737626216,1.888572626865682,12.0,4.339362906865682,23.805337921356887,
397.05,1.8171252179839992,2.8808428504969577,0.6222450620173539,22.386938719889798,2.4393702799999986,7.856541674686971,1.8674824328358266,12.0,4.306852712835825,23.812994615112625,
397.1,1.8513598040393302,2.9242964835030874,0.6126734759620374,22.429065148642863,2.464033279999999,7.774090726501292,1.8463922388059704,12.0,4.310425518805969,23.875405499644998,
397.15,1.8360580248446308,2.898465581162136,0.6056122551567257,22.404017704714345,2.4416702800000003,7.736465824837522,1.825302044776139,12.0,4.266972324776139,23.86593407760098,
397.2,1.8536671574996755,2.9199186250045788,0.5993431225016876,22.42481895407699,2.453010280000001,7.685543931435808,1.8042118507462837,12.0,4.2572221307462845,23.91900501144597,
397.25,1.9119982039612713,2.997412323657096,0.5903360760401177,22.500047124216508,2.5023342799999995,7.598359923911087,1.7831216567164283,12.0,4.285455936716428,24.027654212418426,
397.3,2.0652853981358645,3.208136905408124,0.5804218818656051,22.70524407343441,2.64570728,7.485461051938389,1.762031462686573,12.0,4.407738742686573,24.296221850534444,
397.35,2.126347482869801,3.29132027567927,0.5758207971316981,22.78646996136151,2.7021682799999986,7.445655412869577,1.7409412686567167,12.0,4.443109548656715,24.43444504697604,
397.4,2.3076641477120203,3.540265527003541,0.5662661322895758,23.03019405667684,2.8739302799999997,7.3804722724129075,1.7198510746268854,12.0,4.593781354626885,24.750292594007274,
397.45,2.3701209944463955,3.626635145284861,0.5640772855552343,23.11494829924328,2.9341982800000004,7.373115013008431,1.69876088059703,12.0,4.63295916059703,24.902932436319617,
397.5,2.3533207412439405,3.6053681759929708,0.5672375387576829,23.094070573636415,2.9205582800000016,7.390508728508867,1.6776706865671747,12.0,4.598228966567176,24.951001251448638,
397.55,2.3376264139754035,3.5846087741401425,0.5690548660262118,23.07369642038789,2.906681280000001,7.400080472331437,1.6565804925373193,12.0,4.56326177253732,24.99433058525779,
397.6,2.376232231608014,3.638299889723053,0.5680370483936213,23.126401842064492,2.9442692800000003,7.398133946679913,1.635490298507463,12.0,4.579759578507463,25.11370130222153,
397.65,2.3782881643973277,3.640715921581393,0.567408115604308,23.128774330478386,2.94569628,7.394559307829208,1.6144001044776317,12.0,4.560096384477632,25.17432186078534,
397.7,2.4821960254711843,3.7827940930012436,0.5617522545305047,23.268408005119188,3.0439482799999986,7.378810365011342,1.5933099104477764,12.0,4.637258190447775,25.376879658501952,
397.75,2.387073777524165,3.650358719362933,0.5638565024774751,23.138244021831714,2.9509302800000015,7.374055928273654,1.572219716417921,12.0,4.5231499964179225,25.292156707774406,
397.8,2.5296630595816714,3.843647914458615,0.554410220420039,23.328280761455378,3.0840732799999984,7.346314229670495,1.5511295223880657,12.0,4.635202802388064,25.537600561917564,
397.85,2.4737128172055636,3.7658221770091718,0.5555654627961183,23.25171651170137,3.0292782799999998,7.33950835021988,1.5300393283582094,12.0,4.559317608358209,25.5138711894622,
397.9,2.34212530391298,3.581941267110352,0.5571809760886309,23.071078800633504,2.899306280000001,7.327311926621347,1.508949134328378,12.0,4.408255414328379,25.369257809520835,
397.95,2.389797455207995,3.6440455412689636,0.5508238247936363,23.132044053954502,2.9406212799999984,7.294448927564321,1.4878589402985227,12.0,4.428480220298521,25.476020082177513,
398.0,2.3503654411105535,3.5875840779816466,0.5494168388910572,23.076616184359303,2.89978228,7.280137993762658,1.4667687462686674,12.0,4.3665510262686675,25.467834095258628,
398.05,2.3629820256042913,3.6011803797924524,0.5440952543973222,23.089960069364665,2.9070772799999993,7.248745106068072,1.445678552238812,12.0,4.352755832238811,25.52353982513304,
398.1,2.313002318785786,3.5285026295811153,0.5406279612157996,23.0186584224207,2.853630280000001,7.2209652670519064,1.4245883582089558,12.0,4.278218638208957,25.487660088602816,
398.15,2.297365866326026,3.5048322367333005,0.5382634136755476,22.99545081877631,2.835629279999999,7.204570762713223,1.4034981641791244,12.0,4.239127444179124,25.515204060036428,
398.2,2.3525564426011494,3.5766002498833367,0.5312068374004522,23.065837935459665,2.88376328,7.166637055641873,1.382407970149269,12.0,4.266171250149269,25.631850202945447,
398.25,2.2220651217063305,3.39492167378061,0.5319651582951966,22.88778922911938,2.7540302799999985,7.160140397046552,1.3613177761194137,12.0,4.115348056119412,25.49135877339906,
398.3,2.2269105695393074,3.39774254695925,0.5265647104622218,22.890550239410313,2.75347528,7.125476989763314,1.3402275820895584,12.0,4.093702862089558,25.536645246703735,
398.35,2.089063358211303,3.2072926535636737,0.5291269217901514,22.704420295229262,2.6181902800000003,7.147592643058117,1.3191373880597022,12.0,3.9373276680597025,25.39747048521602,
398.4,2.201798110496419,3.3580587366524823,0.5201161695050925,22.851719429845314,2.72191428,7.0829990126445,1.2980471940298708,12.0,4.019961474029871,25.598190467965857,
398.45,2.1380726696715624,3.2676639198147748,0.5177056103299124,22.763358483773175,2.65577828,7.068067940377076,1.2769570000000154,12.0,3.9327352800000153,25.55197722782337,
398.5,2.1439675198368175,3.2742780863044363,0.5154587601646612,22.769819380868014,2.6594262800000017,7.052968106780998,1.25586680597016,12.0,3.915293085970162,25.620791395227283,
398.55,2.1814377636109543,3.3228536912368307,0.510580516390539,22.817291125439358,2.692018279999999,7.02025797925402,1.2347766119403047,12.0,3.926794891940304,25.724908464428903,
398.6,2.245746324618631,3.407175190158916,0.5039219553828979,22.899783553278517,2.7496682800000016,6.979516404296498,1.2136864179104485,12.0,3.96335469791045,25.86124803202639,
398.65,2.147047733404319,3.2705202846243764,0.5041315465971541,22.76614856967305,2.651179280000001,6.97768611583114,1.1925962238806171,12.0,3.843775503880618,25.779271822499293,
398.7,2.214217524880759,3.3583534332354685,0.496990755120748,22.852007704824214,2.711208280000001,6.931729196345154,1.1715060298507618,12.0,3.882714309850763,25.91785872443595,
398.75,2.109312894003896,3.2126516563282146,0.49618938599755086,22.709649551028548,2.6055022799999996,6.92564146578696,1.1504158358209065,12.0,3.755918115820906,25.822533577312416,
398.8,2.128201011265287,3.235560208509779,0.4916552687361679,22.732009093141603,2.6198562800000005,6.894360841561794,1.129325641791051,12.0,3.7491819217910516,25.901797051889368,
398.85,1.9340961505741792,2.969737742178091,0.4955211294271684,22.473166025386316,2.4296172799999987,6.947467440656265,1.1082354477611958,12.0,3.5378527277611944,25.69890589445904,
398.9,1.9901595371194085,3.0436744845578083,0.48997074288197,22.545019869407778,2.480130280000001,6.896330436731219,1.0871452537313635,12.0,3.5672755337313644,25.832823147643836,
398.95,1.9518870181341876,2.9894190589634113,0.48788026186716854,22.492281306892625,2.4397672800000016,6.889406413771175,1.0660550597015082,12.0,3.50582233970151,25.841409599515703,
399.0,1.935340533311497,2.9654146394110885,0.48610874668984877,22.468968412452583,2.421449280000001,6.880775641978114,1.0449648656716528,12.0,3.4664141456716537,25.887633687457672,
399.05,1.9580968845253264,2.9945662867331673,0.48262239547602886,22.497281910806798,2.4407192799999997,6.850989845927966,1.0238746716417975,12.0,3.464593951641797,25.984522954293347,
399.1,1.911321322040988,2.9283364738882955,0.4799939579603409,22.432984036855053,2.3913152800000006,6.843384004703525,1.0027844776119421,12.0,3.3940997576119427,25.980669622610556,
399.15,1.8891488177405784,2.8980255195900524,0.4804384622607388,22.403591129010977,2.369587280000001,6.852817151874189,0.9816942835821099,12.0,3.351281563582111,26.03731142929206,
399.2,1.8594620255661276,2.857065310927416,0.4804672544351717,22.36390700825149,2.33992928,6.862484941818832,0.9606040895522545,12.0,3.3005333695522543,26.08160587548489,
399.25,1.7303774987443674,2.681176402149119,0.48489378125686233,22.194006657987188,2.2152712799999996,6.952278605835603,0.9395138955223992,12.0,3.154785175522399,26.010370693068516,
399.3,1.5611248273615532,2.4488994141279665,0.49039345263958584,21.971146685086687,2.05151828,7.11548334653332,0.9184237014925438,12.0,2.9699419814925436,25.89497911191848,
399.35,1.9541978800028328,2.9846303819712623,0.4756573999985183,22.487629562486934,2.4298552800000017,6.802448652354904,0.8973335074626885,12.0,3.32718878746269,26.461783652363025,
399.4,1.5049181578311075,2.37105735638617,0.49172512217000186,21.896926745413335,1.9966432800000007,7.179808427228203,0.8762433134328562,12.0,2.872886593432857,26.02487622728163,
399.45,1.742518206909521,2.6966171107324968,0.4825070730917152,22.208886006856197,2.2250252800000005,6.927943306919323,0.8551531194030009,12.0,3.0801783994030014,26.395327765721717,
399.5,1.5351035906865858,2.4124651867519553,0.49016668931454,21.936375308912663,2.025270280000001,7.137745798211296,0.8340629253731455,12.0,2.8593332053731464,26.2635975389898,
399.55,1.430139781734635,2.267001306408254,0.4933104982664337,21.798147101889068,1.9234502800000008,7.276186812403058,0.8129727313432902,12.0,2.736423011343291,26.25226912651346,
399.6,1.5745452002011129,2.4659161626642496,0.48712307980003144,21.987405606737607,2.0616682799999992,7.078378871881244,0.7918825373134348,12.0,2.853550817313434,26.50647263150979,
399.65,1.35492413685536,2.1619891607494672,0.4953321431456675,21.699032115921927,1.85025628,7.392251293792554,0.7707923432836026,12.0,2.6210486232836026,26.395341881299867,
399.7,1.3947359100437777,2.2167531009729933,0.49231536995727154,21.750643890625156,1.8870512800000014,7.312976384744697,0.7497021492537472,12.0,2.6367534292537487,26.537433672093815,
399.75,1.2643528419605938,2.0336291635522112,0.49534443804038425,21.578791919788774,1.759697280000001,7.535477562096344,0.7286119552238919,12.0,2.488309235223893,26.522400792468442,
399.8,1.3856403569308862,2.2024840917749264,0.4891199230701553,21.73717959211598,1.8747602800000003,7.299033694543563,0.7075217611940365,12.0,2.582282041194037,26.737283335369153,
399.85,1.2398279379679873,1.997272060667209,0.4918763420329735,21.544941420945523,1.7317042799999989,7.549626588657634,0.6864315671641812,12.0,2.41813584716418,26.716243654264836,
399.9,1.210960840323673,1.9559202380708096,0.4914824396772732,21.506562978006304,1.7024432800000007,7.600042250216156,0.6653413731343489,12.0,2.3677846531343496,26.81148357396954,
399.95,1.3083790411265008,2.0918069939125736,0.4853372388744968,21.633154895473204,1.7937162800000017,7.37923396336847,0.6442511791044936,12.0,2.4379674591044953,26.993868600465266,
400.0,1.1407346491718797,1.854001711202686,0.4884356308290251,21.412581339568465,1.6291702800000003,7.717788508795907,0.6231609850746382,12.0,2.2523312650746385,26.985719831375384,
400.05,1.2557651722016068,2.0155543601569685,0.48133110779935756,21.56195104106942,1.7370962799999994,7.431655284570929,0.6020707910447829,12.0,2.3391670710447823,27.17281635348013,
400.1,1.1804701211442132,1.9084076538012784,0.48168915885671065,21.46263787203002,1.662159280000001,7.575169449279651,0.5809805970149275,12.0,2.2431398770149285,27.246132971076005,
400.15,1.192776994962751,1.9242499273256577,0.4773122850381757,21.47726288084568,1.6700892799999991,7.512510030534339,0.5598904029850953,12.0,2.2299796829850944,27.36234763449943,
400.2,1.2834772913819716,2.0502544683637565,0.47066898861900336,21.59430305356344,1.7541462800000005,7.294274129661037,0.53880020895524,12.0,2.2929464889552404,27.525493351598254,
400.25,1.2071222730789453,1.9407398789036099,0.46756600692198635,21.492508372277506,1.6746882800000016,7.399512375182648,0.5177100149253846,12.0,2.192398294925386,27.582398677971984,
400.3,1.2787094776693133,2.040339126142614,0.4633038023316527,21.585049833575606,1.7420132799999983,7.2384273899822835,0.49661982089552925,12.0,2.2386331008955276,27.748721514732104,
400.35,1.2842633777373913,2.0456495460659023,0.4575119022635748,21.590004770592543,1.7417752799999988,7.179362970499886,0.4755296268656739,12.0,2.2173049068656727,27.851638391874697,
400.4,1.3131667613059754,2.083876257378682,0.45208151869500623,21.625730565892518,1.7652482800000016,7.0885610226880535,0.45443943283584254,12.0,2.219687712835844,27.975804879178373,
400.45,1.285470652313569,2.043899911962237,0.4496436276873958,21.588372036788233,1.7351142800000012,7.1087232776238105,0.4333492388059863,12.0,2.1684635188059875,28.09016366149676,
400.5,1.2818078041246614,2.037049994452926,0.4457734758762972,21.581981886636306,1.727581279999999,7.08029301068846,0.41225904477613096,12.0,2.13984032477613,28.21164808444738,
400.55,1.2584081681753823,2.00287297181776,0.44284511182556213,21.55014977069375,1.7012532799999995,7.091131188065638,0.3911688507462756,12.0,2.092422130746275,28.335185109333754,
400.6,1.2815462365107455,2.0331565969260357,0.43778704349021,21.578351311794133,1.7193332800000007,7.009872343775203,0.37007865671642026,12.0,2.089411936716421,28.46570446193141,
400.65,1.2680238592282487,2.012283755767804,0.4334674207726955,21.55890627693922,1.701491279999999,6.991929639739043,0.3489884626865889,12.0,2.050479742686588,28.58933431247694,
400.7,1.2564512669571886,1.9938888008068683,0.42854601304374823,21.541796443382744,1.684997280000001,6.965515748221673,0.32789826865673266,12.0,2.0128955486567337,28.713157198842694,
400.75,1.2465177637501215,1.978471350303322,0.42515751625080545,21.52747597339064,1.6716752799999988,6.950373698899821,0.3068080746268773,12.0,1.978483354626876,28.85662225119027,
400.8,1.2998289324472796,2.0502475318078828,0.4189493475536736,21.594296577784924,1.7187782799999987,6.814076986509006,0.28571788059702197,12.0,2.0044961605970206,28.989808128400828,
400.85,1.281654189110765,2.0236841351758543,0.41626909089017905,21.569522862640945,1.6979232800000013,6.815613554839281,0.2646276865671666,12.0,1.9625509665671679,29.143703340910758,
400.9,1.3138750667997392,2.06658222280199,0.4119612132012186,21.609555504746332,1.7258362799999993,6.731536295261472,0.24353749253733525,12.0,1.9693737725373346,29.291487107916918,
400.95,1.3316492934278423,2.088797225258488,0.406715986573123,21.630336818390163,1.73836528,6.660826272441184,0.22244729850747902,12.0,1.960812578507479,29.430374602216588,
401.0,1.2946573257076328,2.035376843091932,0.40223495429330985,21.58042154734979,1.6968922800000001,6.668375800028367,0.20135710447762367,12.0,1.8982493844776238,29.58204971808349,
401.05,1.3337241433382303,2.0866913458111838,0.39623613666273083,21.628365420333928,1.7299602800000002,6.562584537536276,0.18026691044776832,12.0,1.9102271904477686,29.716476026156368,
401.1,1.3405435284966263,2.094819280970916,0.39353975150433707,21.635975931643078,1.7340832800000001,6.529567035651172,0.15917671641791298,12.0,1.893259996417913,29.88760958676401,
401.15,1.369693888807096,2.133514348333749,0.3904793911938816,21.67226660006051,1.76017328,6.468019462476892,0.1380865223880816,12.0,1.8982598023880817,30.051842866430878,
401.2,1.375559201799378,2.1394246222294075,0.3861200782015992,21.677817990292944,1.7616792799999992,6.421796595864764,0.11699632835822538,12.0,1.8786756083582246,30.21228555429532,
401.25,1.3824532545751171,2.1468368993453844,0.38200202542586287,21.684783236129846,1.76445528,6.3767741258129975,0.09590613432837003,12.0,1.86036141432837,30.377854513823728,
401.3,1.4000439115349643,2.168951423011463,0.37805036846602447,21.70558392575162,1.7780942800000012,6.322741916191677,0.07481594029851468,12.0,1.852910220298516,30.542537300896015,
401.35,1.4246196912809488,2.200557945361845,0.3741715887200499,21.735362952480074,1.7987912799999997,6.264047192900201,0.053725746268659336,12.0,1.852517026268659,30.705361201399285,
401.4,1.4719486490936158,2.2627928234220906,0.3699026309074072,21.79416335936964,1.8418512800000002,6.185316549914495,0.03263555223882797,12.0,1.8744868322388282,30.851292650832015,
401.45,1.4692701767664285,2.2577294501271044,0.3672681032345908,21.789371607285652,1.8365382799999992,6.163637236657103,0.011545358208971734,12.0,1.848083638208971,31.043918057335535,
401.5,1.5147614631629092,2.316756976828916,0.3623778168381347,21.845314150431587,1.8771392800000015,6.086704145887621,-0.009544835820883613,12.0,1.867594444179118,31.184251800305894,
401.55,1.5246570659539764,2.3278365648143557,0.35827121404707074,21.855833991392004,1.8829282800000016,6.043495530818178,-0.03063502985073896,12.0,1.8522932501492626,31.35845540771781,
401.6,1.5378219019334674,2.3432254580321366,0.35406737806758437,21.870455178629694,1.891889280000001,5.997749589640696,-0.05172522388059431,12.0,1.8401640561194066,31.53175787411067,
401.65,1.5358691678856309,2.338891826946518,0.3511031121154154,21.866336603807046,1.8869722799999984,5.9723032477088,-0.07281541791042567,12.0,1.8141568620895727,31.73380089908281,
401.7,1.5773010912905876,2.3914004019122435,0.3455141887104786,21.916297775034025,1.9228152799999982,5.899864863212856,-0.09390561194028191,12.0,1.8289096680597163,31.87028095678161,
401.75,1.5247248328816803,2.319207053404293,0.3429774471193567,21.847639936330147,1.8677022799999996,5.905331099054592,-0.11499580597013725,12.0,1.7527064740298623,32.14571779190995,
401.8,1.566949328205397,2.372819021723134,0.3376269517956616,21.89860350135996,1.9045762800000006,5.834182667013915,-0.1360859999999926,12.0,1.768490280000008,32.28348019010978,
401.85,1.548457682699016,2.345394385655418,0.33320159730202975,21.87251680506808,1.881659280000001,5.803229951325394,-0.15717619402984795,12.0,1.724483085970153,32.51703053496795,
401.9,1.5504986874750937,2.3456027917447235,0.3289405925259498,21.87271491251196,1.8794392799999997,5.763249692964254,-0.17826638805967931,12.0,1.7011728919403204,32.729455930362946,
401.95,1.5447017329303825,2.3350136693359556,0.32419054707065625,21.86265165214081,1.8688922800000007,5.722408281849264,-0.19935658208953466,12.0,1.669535697910466,32.958021050252874,
402.0,1.546658148137225,2.3346533807454537,0.31922013186381165,21.86230934898844,1.8658782800000004,5.675504163986369,-0.2204467761193909,12.0,1.6454315038806095,33.17755586024086,
402.05,1.5466981522817804,2.3326768494350785,0.31585012771925286,21.86043159504779,1.8625482799999986,5.644185010967728,-0.24153697014924624,12.0,1.6210113098507524,33.42224086479502,
402.1,1.5585256053215024,2.3453518992842324,0.3107626746795344,21.872476418463407,1.8692882799999992,5.5916684301817945,-0.2626271641791016,12.0,1.6066611158208977,33.63068960838592,
402.15,1.5436182134163536,2.3237542875540784,0.3079070665846753,21.85195726349884,1.8515252800000006,5.571277699165254,-0.28371735820893296,12.0,1.5678079217910676,33.932017094685285,
402.2,1.539091587569484,2.3177777540863027,0.30799369243154323,21.846283108922176,1.8470852800000017,5.5740737881826385,-0.3048075522387883,12.0,1.5422777277612134,34.24495476154462,
402.25,1.5261615605623728,2.301074655982173,0.3088697194386452,21.830434342776925,1.835031279999999,5.588227258238271,-0.32589774626864454,12.0,1.5091335337313545,34.60235936463384,
402.3,1.5206968096204712,2.2927356987167204,0.3071184703805431,21.822527076513335,1.8278152799999994,5.5742268430498,-0.3469879402984999,12.0,1.4808273397014995,34.926545673282995,
402.35,1.5136342742404658,2.283178807238058,0.30688500576054467,21.81346922489104,1.8205192799999992,5.5754006217322285,-0.36807813432835523,12.0,1.452441145671644,35.282785031506215,
402.4,1.4923993789246597,2.254692231164377,0.30662990107633853,21.786497965027547,1.7990292799999992,5.583729577356654,-0.3891683283581866,12.0,1.4098609516418126,35.7134545802787,
402.45,1.4876814613946285,2.2478548566269336,0.3057178186063665,21.780030621591685,1.7933992799999992,5.577472657910899,-0.41025852238804195,12.0,1.3831407576119572,36.087805890732184,
402.5,1.4760620646459066,2.231523762230562,0.30433221535508187,21.76459348669727,1.7803942799999994,5.570414730768683,-0.4313487164178982,12.0,1.3490455635821013,36.50818642188592,
402.55,1.4746415933196955,2.228226270399597,0.3019456866812922,21.761478253896595,1.776587280000001,5.54806383181253,-0.45243891044775353,12.0,1.3241483695522476,36.88562084879417,
402.6,1.4520618555270999,2.197271147478369,0.3005774244738738,21.732263506094252,1.7526392800000004,5.547519973503941,-0.4735291044776089,12.0,1.2791101755223915,37.4138483722652,
402.65,1.4351803122511695,2.1734185492843983,0.2983479677497947,21.70978921713665,1.7335282800000016,5.535715290100867,-0.49461929850744024,12.0,1.2389089814925613,37.93587351889838,
402.7,1.4076888637695055,2.1352657248073714,0.29594341623144127,21.673911402741425,1.7036322800000008,5.52938640351409,-0.5157094925372956,12.0,1.1879227874627052,38.573495465176244,
402.75,1.4068257601811047,2.1321220426993372,0.29244551981984046,21.67095915493741,1.6992712800000014,5.494766632302756,-0.5367996865671518,12.0,1.1624715934328496,39.0351774151889,
402.8,1.3865901847501008,2.1036598107374394,0.29000109525083034,21.644258621585738,1.6765912800000002,5.483610025556601,-0.5578898805970072,12.0,1.118701399402993,39.70127882945943,
402.85,1.3692450963504779,2.0789508093494633,0.2873631836504426,21.621121745055756,1.6566082800000004,5.468829106663412,-0.5789800746268625,12.0,1.0776282053731379,40.39162437234986,
402.9,1.3451329041084739,2.0453092756401796,0.28498937589242973,21.58968721804697,1.6301222799999984,5.462194094863184,-0.6000702686566939,12.0,1.0300520113433045,41.2175866852323,
402.95,1.3336782720013867,2.0283431787939628,0.28209100799950926,21.573864333653802,1.6157692799999985,5.44072131513722,-0.6211604626865492,12.0,0.9946088173134493,41.957457126231915,
403.0,1.3251979268377987,2.015652978733646,0.279707353163093,21.562042862190545,1.6049052800000005,5.422252138400283,-0.6422506567164055,12.0,0.9626546232835951,42.712956663066755,
